GAME_ID,FECHA,LOCAL,VISITANTE,PTS_LOCAL,PTS_VISITANTE
0022300061,2023-10-24,DEN,LAL,119,107
0022300062,2023-10-24,GSW,PHX,104,108
0022300069,2023-10-25,TOR,MIN,97,94
0022300063,2023-10-25,CHA,ATL,116,110
0022300064,2023-10-25,IND,WAS,143,120
0022300065,2023-10-25,NYK,BOS,104,108
0022300066,2023-10-25,ORL,HOU,116,86
0022300067,2023-10-25,BKN,CLE,113,114
0022300068,2023-10-25,MIA,DET,103,102
0022300070,2023-10-25,CHI,OKC,104,124
0022300071,2023-10-25,MEM,NOP,104,111
0022300072,2023-10-25,UTA,SAC,114,130
0022300073,2023-10-25,SAS,DAL,119,126
0022300074,2023-10-25,LAC,POR,123,111
0022300075,2023-10-26,MIL,PHI,118,117
0022300076,2023-10-26,LAL,PHX,100,95
0022300077,2023-10-27,CHA,DET,99,111
0022300078,2023-10-27,MEM,DEN,104,108
0022300079,2023-10-27,ATL,NYK,120,126
0022300081,2023-10-27,CLE,OKC,105,108
0022300080,2023-10-27,BOS,MIA,119,111
0022300083,2023-10-27,SAS,HOU,126,122
0022300084,2023-10-27,DAL,BKN,125,120
0022300085,2023-10-27,UTA,LAC,120,118
0022300086,2023-10-27,POR,ORL,97,102
0022300087,2023-10-27,SAC,GSW,114,122
0022300082,2023-10-27,CHI,TOR,104,103
0022300092,2023-10-28,TOR,PHI,107,114
0022300094,2023-10-28,PHX,UTA,126,104
0022300093,2023-10-28,MIN,MIA,106,90
0022300091,2023-10-28,CLE,IND,113,125
0022300090,2023-10-28,NOP,NYK,96,87
0022300089,2023-10-28,WAS,MEM,113,106
0022300088,2023-10-28,DET,CHI,118,102
0022300095,2023-10-29,OKC,DEN,95,128
0022300096,2023-10-29,HOU,GSW,95,106
0022300097,2023-10-29,MIL,ATL,110,127
0022300098,2023-10-29,PHI,POR,126,98
0022300099,2023-10-29,LAC,SAS,123,83
0022300100,2023-10-29,SAC,LAL,132,127
0022300109,2023-10-30,OKC,DET,124,112
0022300108,2023-10-30,NOP,GSW,102,130
0022300110,2023-10-30,DEN,UTA,110,102
0022300107,2023-10-30,MIL,MIA,122,114
0022300102,2023-10-30,IND,CHI,105,112
0022300105,2023-10-30,TOR,POR,91,99
0022300104,2023-10-30,ATL,MIN,127,113
0022300103,2023-10-30,WAS,BOS,107,126
0022300111,2023-10-30,LAL,ORL,106,103
0022300106,2023-10-30,MEM,DAL,110,125
0022300101,2023-10-30,CHA,BKN,121,133
0022300112,2023-10-31,CLE,NYK,91,109
0022300114,2023-10-31,LAC,ORL,118,102
0022300113,2023-10-31,PHX,SAS,114,115
0022300116,2023-11-01,TOR,MIL,130,111
0022300115,2023-11-01,DET,POR,101,110
0022300125,2023-11-01,UTA,MEM,133,109
0022300124,2023-11-01,DAL,CHI,114,105
0022300123,2023-11-01,MIN,DEN,110,89
0022300122,2023-11-01,HOU,CHA,128,119
0022300127,2023-11-01,LAL,LAC,130,125
0022300120,2023-11-01,NYK,CLE,89,95
0022300119,2023-11-01,MIA,BKN,105,109
0022300118,2023-11-01,BOS,IND,155,104
0022300117,2023-11-01,ATL,WAS,130,121
0022300121,2023-11-01,OKC,NOP,106,110
0022300126,2023-11-01,GSW,SAC,102,101
0022300128,2023-11-02,PHI,TOR,114,99
0022300129,2023-11-02,NOP,DET,125,116
0022300130,2023-11-02,UTA,ORL,113,115
0022300131,2023-11-02,PHX,SAS,121,132
0022300007,2023-11-03,POR,MEM,115,113
0022300002,2023-11-03,MIL,NYK,110,105
0022300003,2023-11-03,MIA,WAS,121,114
0022300004,2023-11-03,CHI,BKN,107,109
0022300005,2023-11-03,OKC,GSW,139,141
0022300006,2023-11-03,DEN,DAL,125,114
0022300001,2023-11-03,IND,CLE,121,116
0022300138,2023-11-04,MIN,UTA,123,95
0022300132,2023-11-04,PHI,PHX,112,100
0022300133,2023-11-04,IND,CHA,124,125
0022300134,2023-11-04,ORL,LAL,120,101
0022300135,2023-11-04,NOP,ATL,105,123
0022300136,2023-11-04,BKN,BOS,114,124
0022300137,2023-11-04,HOU,SAC,107,89
0022300139,2023-11-04,DEN,CHI,123,101
0022300140,2023-11-05,DET,PHX,106,120
0022300144,2023-11-05,POR,MEM,100,112
0022300143,2023-11-05,DAL,CHA,124,118
0022300142,2023-11-05,CLE,GSW,115,104
0022300141,2023-11-05,SAS,TOR,116,123
0022300149,2023-11-06,BKN,MIL,125,129
0022300150,2023-11-06,MIA,LAL,108,107
0022300147,2023-11-06,ORL,DAL,102,117
0022300152,2023-11-06,CHI,UTA,130,113
0022300153,2023-11-06,HOU,SAC,122,97
0022300155,2023-11-06,OKC,ATL,126,117
0022300156,2023-11-06,DEN,NOP,134,116
0022300146,2023-11-06,IND,SAS,152,111
0022300145,2023-11-06,DET,GSW,109,120
0022300148,2023-11-06,PHI,WAS,146,128
0022300151,2023-11-06,NYK,LAC,111,97
0022300154,2023-11-06,MIN,BOS,114,109
0022300164,2023-11-08,MEM,MIA,102,108
0022300160,2023-11-08,BKN,LAC,100,93
0022300161,2023-11-08,NYK,SAS,126,105
0022300162,2023-11-08,CHI,PHX,115,116
0022300163,2023-11-08,HOU,LAL,128,94
0022300165,2023-11-08,MIL,DET,120,118
0022300166,2023-11-08,MIN,NOP,122,101
0022300167,2023-11-08,OKC,CLE,128,120
0022300168,2023-11-08,DAL,TOR,116,127
0022300169,2023-11-08,DEN,GSW,108,105
0022300159,2023-11-08,PHI,BOS,106,103
0022300170,2023-11-08,SAC,POR,121,118
0022300157,2023-11-08,CHA,WAS,116,132
0022300158,2023-11-08,IND,UTA,134,118
0022300172,2023-11-09,ORL,ATL,119,120
0022300171,2023-11-09,IND,MIL,126,124
0022300008,2023-11-10,DET,PHI,106,114
0022300009,2023-11-10,WAS,CHA,117,124
0022300010,2023-11-10,BOS,BKN,121,107
0022300011,2023-11-10,HOU,NOP,104,101
0022300016,2023-11-10,SAC,OKC,105,98
0022300012,2023-11-10,MEM,UTA,121,127
0022300013,2023-11-10,SAS,MIN,110,117
0022300014,2023-11-10,DAL,LAC,144,126
0022300015,2023-11-10,PHX,LAL,119,122
0022300176,2023-11-11,GSW,CLE,110,118
0022300174,2023-11-11,BOS,TOR,117,94
0022300175,2023-11-11,ATL,MIA,109,117
0022300173,2023-11-11,ORL,MIL,112,97
0022300185,2023-11-12,PHX,OKC,99,111
0022300184,2023-11-12,SAS,MIA,113,118
0022300177,2023-11-12,NYK,CHA,129,107
0022300178,2023-11-12,BKN,WAS,102,94
0022300179,2023-11-12,LAC,MEM,101,105
0022300180,2023-11-12,PHI,IND,137,126
0022300181,2023-11-12,CHI,DET,119,108
0022300182,2023-11-12,HOU,DEN,107,104
0022300183,2023-11-12,NOP,DAL,124,136
0022300187,2023-11-12,LAL,POR,116,110
0022300186,2023-11-12,GSW,MIN,110,116
0022300191,2023-11-13,SAC,CLE,132,120
0022300190,2023-11-13,MIL,CHI,118,109
0022300189,2023-11-13,TOR,WAS,111,107
0022300188,2023-11-13,BOS,NYK,114,98
0022300022,2023-11-14,NOP,DAL,131,110
0022300021,2023-11-14,OKC,SAS,123,87
0022300023,2023-11-14,UTA,POR,115,99
0022300026,2023-11-14,LAL,MEM,134,107
0022300019,2023-11-14,PHI,IND,126,132
0022300018,2023-11-14,DET,ATL,120,126
0022300017,2023-11-14,CHA,MIA,105,111
0022300024,2023-11-14,DEN,LAC,111,108
0022300025,2023-11-14,GSW,MIN,101,104
0022300020,2023-11-14,BKN,ORL,124,104
0022300195,2023-11-15,TOR,MIL,112,128
0022300199,2023-11-15,POR,CLE,95,109
0022300198,2023-11-15,LAL,SAC,110,125
0022300197,2023-11-15,PHX,MIN,133,115
0022300196,2023-11-15,CHI,ORL,94,96
0022300194,2023-11-15,PHI,BOS,107,117
0022300192,2023-11-15,WAS,DAL,117,130
0022300193,2023-11-15,ATL,NYK,114,116
0022300201,2023-11-16,GSW,OKC,109,128
0022300200,2023-11-16,MIA,BKN,122,115
0022300034,2023-11-17,NOP,DEN,115,110
0022300035,2023-11-17,UTA,PHX,128,131
0022300029,2023-11-17,ATL,PHI,116,126
0022300030,2023-11-17,CLE,DET,108,100
0022300031,2023-11-17,TOR,BOS,105,108
0022300032,2023-11-17,SAS,SAC,120,129
0022300033,2023-11-17,CHI,ORL,97,103
0022300037,2023-11-17,LAC,HOU,106,100
0022300036,2023-11-17,POR,LAL,95,107
0022300028,2023-11-17,WAS,NYK,99,120
0022300027,2023-11-17,CHA,MIL,99,130
0022300202,2023-11-18,CHA,NYK,108,122
0022300203,2023-11-18,NOP,MIN,120,121
0022300204,2023-11-18,CHI,MIA,102,97
0022300206,2023-11-18,SAS,MEM,108,120
0022300207,2023-11-18,GSW,OKC,123,130
0022300205,2023-11-18,MIL,DAL,132,125
0022300212,2023-11-19,DAL,SAC,113,129
0022300216,2023-11-19,LAL,HOU,105,104
0022300215,2023-11-19,POR,OKC,91,134
0022300214,2023-11-19,UTA,PHX,137,140
0022300213,2023-11-19,MEM,BOS,100,102
0022300211,2023-11-19,TOR,DET,142,113
0022300210,2023-11-19,CLE,DEN,121,109
0022300209,2023-11-19,IND,ORL,116,128
0022300208,2023-11-19,BKN,PHI,99,121
0022300224,2023-11-20,GSW,HOU,121,116
0022300223,2023-11-20,SAS,LAC,99,124
0022300222,2023-11-20,NOP,SAC,129,93
0022300221,2023-11-20,MIN,NYK,117,100
0022300220,2023-11-20,CHI,MIA,100,118
0022300219,2023-11-20,WAS,MIL,129,142
0022300218,2023-11-20,DET,DEN,103,107
0022300217,2023-11-20,CHA,BOS,121,118
0022300042,2023-11-21,LAL,UTA,131,99
0022300038,2023-11-21,ORL,TOR,126,107
0022300039,2023-11-21,ATL,IND,152,157
0022300040,2023-11-21,PHI,CLE,119,122
0022300041,2023-11-21,PHX,POR,120,107
0022300228,2023-11-22,BOS,MIL,119,116
0022300227,2023-11-22,ATL,BKN,147,145
0022300226,2023-11-22,ORL,DEN,124,119
0022300225,2023-11-22,CHA,WAS,117,114
0022300231,2023-11-22,HOU,MEM,111,91
0022300232,2023-11-22,MIN,PHI,112,99
0022300229,2023-11-22,CLE,MIA,96,129
0022300230,2023-11-22,IND,TOR,131,132
0022300238,2023-11-22,LAL,DAL,101,104
0022300233,2023-11-22,NOP,SAC,117,112
0022300234,2023-11-22,OKC,CHI,116,102
0022300235,2023-11-22,SAS,LAC,102,109
0022300236,2023-11-22,PHX,GSW,123,115
0022300237,2023-11-22,POR,UTA,121,105
0022300046,2023-11-24,TOR,CHI,121,108
0022300048,2023-11-24,HOU,DEN,105,86
0022300044,2023-11-24,MEM,PHX,89,110
0022300043,2023-11-24,ORL,BOS,113,96
0022300049,2023-11-24,MIL,WAS,131,128
0022300050,2023-11-24,MIN,SAC,111,124
0022300051,2023-11-24,GSW,SAS,118,112
0022300052,2023-11-24,LAC,NOP,106,116
0022300047,2023-11-24,IND,DET,136,113
0022300045,2023-11-24,NYK,MIA,100,98
0022300239,2023-11-25,OKC,PHI,123,127
0022300240,2023-11-25,BKN,MIA,112,97
0022300241,2023-11-25,WAS,ATL,108,136
0022300242,2023-11-25,CLE,LAL,115,121
0022300243,2023-11-25,UTA,NOP,105,100
0022300244,2023-11-25,LAC,DAL,107,88
0022300245,2023-11-26,MIL,POR,108,102
0022300247,2023-11-26,NYK,PHX,113,116
0022300246,2023-11-26,BOS,ATL,113,103
0022300251,2023-11-26,CLE,TOR,105,102
0022300250,2023-11-26,BKN,CHI,118,109
0022300252,2023-11-26,DEN,SAS,132,120
0022300248,2023-11-26,ORL,CHA,130,117
0022300249,2023-11-26,MEM,MIN,97,119
0022300257,2023-11-27,LAC,DEN,104,113
0022300256,2023-11-27,UTA,NOP,114,112
0022300255,2023-11-27,PHI,LAL,138,94
0022300254,2023-11-27,IND,POR,110,114
0022300253,2023-11-27,DET,WAS,107,126
0022300059,2023-11-28,DAL,HOU,121,115
0022300053,2023-11-28,BOS,CHI,124,97
0022300054,2023-11-28,BKN,TOR,115,103
0022300055,2023-11-28,CLE,ATL,128,105
0022300056,2023-11-28,MIA,MIL,124,131
0022300057,2023-11-28,NYK,CHA,115,91
0022300058,2023-11-28,MIN,OKC,106,103
0022300060,2023-11-28,SAC,GSW,124,123
0022300263,2023-11-29,DEN,HOU,134,124
0022300264,2023-11-29,SAC,LAC,117,131
0022300262,2023-11-29,NOP,PHI,124,114
0022300259,2023-11-29,ORL,WAS,139,120
0022300260,2023-11-29,TOR,PHX,112,105
0022300258,2023-11-29,DET,LAL,107,133
0022300261,2023-11-29,MEM,UTA,105,91
0022300273,2023-11-30,GSW,LAC,120,114
0022300270,2023-11-30,MIN,UTA,101,90
0022300271,2023-11-30,OKC,LAL,133,110
0022300269,2023-11-30,CHI,MIL,120,113
0022300272,2023-11-30,SAS,ATL,135,137
0022300267,2023-11-30,MIA,IND,142,132
0022300266,2023-11-30,BKN,CHA,128,129
0022300265,2023-11-30,CLE,POR,95,103
0022300268,2023-11-30,NYK,DET,118,112
0022300278,2023-12-01,NOP,SAS,121,106
0022300277,2023-12-01,DAL,MEM,94,108
0022300279,2023-12-01,PHX,DEN,111,119
0022300275,2023-12-01,BOS,PHI,125,119
0022300274,2023-12-01,ORL,WAS,130,125
0022300276,2023-12-01,TOR,NYK,106,119
0022300291,2023-12-02,LAL,HOU,107,97
0022300290,2023-12-02,SAC,DEN,123,117
0022300289,2023-12-02,UTA,POR,118,113
0022300288,2023-12-02,PHX,MEM,116,109
0022300287,2023-12-02,DAL,OKC,120,126
0022300286,2023-12-02,MIL,ATL,132,121
0022300285,2023-12-02,CHI,NOP,124,118
0022300283,2023-12-02,DET,CLE,101,110
0022300282,2023-12-02,BKN,ORL,129,101
0022300281,2023-12-02,CHA,MIN,117,123
0022300280,2023-12-02,LAC,GSW,113,112
0022300284,2023-12-02,MIA,IND,129,144
0022301202,2023-12-04,IND,BOS,122,112
0022301204,2023-12-04,SAC,NOP,117,127
0022301203,2023-12-05,LAL,PHX,106,103
0022301201,2023-12-05,MIL,NYK,146,122
0022301211,2023-12-06,CHI,CHA,111,100
0022301210,2023-12-06,MIN,SAS,102,94
0022301209,2023-12-06,ATL,BKN,113,114
0022301208,2023-12-06,WAS,PHI,126,131
0022301207,2023-12-06,TOR,MIA,103,112
0022301206,2023-12-06,DET,MEM,102,116
0022301205,2023-12-06,CLE,ORL,121,111
0022301213,2023-12-06,DAL,UTA,147,97
0022301214,2023-12-06,GSW,POR,110,106
0022301215,2023-12-06,LAC,DEN,111,102
0022301212,2023-12-06,HOU,OKC,110,101
0022301229,2023-12-07,MIL,IND,119,128
0022301230,2023-12-07,LAL,NOP,133,89
0022301225,2023-12-08,UTA,LAC,103,117
0022301227,2023-12-08,BOS,NYK,133,123
0022301223,2023-12-08,SAS,CHI,112,121
0022301222,2023-12-08,OKC,GSW,138,136
0022301226,2023-12-08,POR,DAL,112,125
0022301221,2023-12-08,MEM,MIN,103,127
0022301220,2023-12-08,MIA,CLE,99,111
0022301219,2023-12-08,BKN,WAS,124,97
0022301218,2023-12-08,PHI,ATL,125,114
0022301217,2023-12-08,ORL,DET,123,91
0022301216,2023-12-08,CHA,TOR,119,116
0022301228,2023-12-08,PHX,SAC,106,114
0022301224,2023-12-08,DEN,HOU,106,114
0022300292,2023-12-11,CHA,MIA,114,116
0022300295,2023-12-11,PHI,WAS,146,101
0022300296,2023-12-11,ATL,DEN,122,129
0022300297,2023-12-11,NYK,TOR,136,130
0022300298,2023-12-11,HOU,SAS,93,82
0022300299,2023-12-11,MEM,DAL,113,120
0022300300,2023-12-11,MIL,CHI,133,129
0022300301,2023-12-11,NOP,MIN,121,107
0022300302,2023-12-11,OKC,UTA,134,120
0022300303,2023-12-11,SAC,BKN,131,118
0022300304,2023-12-11,LAC,POR,132,127
0022300293,2023-12-11,DET,IND,123,131
0022300294,2023-12-11,ORL,CLE,104,94
0022300309,2023-12-12,LAC,SAC,119,99
0022300305,2023-12-12,BOS,CLE,120,113
0022300307,2023-12-12,CHI,DEN,106,114
0022300306,2023-12-12,DAL,LAL,127,125
0022300308,2023-12-12,PHX,GSW,119,116
0022300310,2023-12-13,DET,PHI,111,129
0022300311,2023-12-13,WAS,NOP,122,142
0022300312,2023-12-13,MIA,CHA,115,104
0022300313,2023-12-13,TOR,ATL,135,128
0022300314,2023-12-13,HOU,MEM,117,104
0022300315,2023-12-13,MIL,IND,140,126
0022300316,2023-12-13,SAS,LAL,119,122
0022300317,2023-12-13,PHX,BKN,112,116
0022300318,2023-12-13,UTA,NYK,117,113
0022300320,2023-12-14,MIA,CHI,116,124
0022300325,2023-12-14,LAC,GSW,121,113
0022300322,2023-12-14,DEN,BKN,124,101
0022300323,2023-12-14,POR,UTA,114,122
0022300324,2023-12-14,SAC,OKC,128,123
0022300319,2023-12-14,BOS,CLE,116,107
0022300321,2023-12-14,DAL,MIN,101,119
0022300333,2023-12-15,PHX,NYK,122,139
0022300332,2023-12-15,MEM,HOU,96,103
0022300331,2023-12-15,SAS,LAL,129,115
0022300330,2023-12-15,TOR,ATL,104,125
0022300329,2023-12-15,BOS,ORL,128,111
0022300328,2023-12-15,WAS,IND,137,123
0022300326,2023-12-15,CHA,NOP,107,112
0022300327,2023-12-15,PHI,DET,124,92
0022300340,2023-12-16,DEN,OKC,117,118
0022300334,2023-12-16,MIL,DET,146,114
0022300335,2023-12-16,CHA,PHI,82,135
0022300336,2023-12-16,CLE,ATL,127,119
0022300337,2023-12-16,MIA,CHI,118,116
0022300338,2023-12-16,MIN,IND,127,109
0022300342,2023-12-16,SAC,UTA,125,104
0022300341,2023-12-16,POR,DAL,120,131
0022300339,2023-12-16,GSW,BKN,124,120
0022300343,2023-12-16,LAC,NYK,144,122
0022300348,2023-12-17,POR,GSW,114,118
0022300347,2023-12-17,PHX,WAS,112,108
0022300346,2023-12-17,MIL,HOU,128,119
0022300345,2023-12-17,SAS,NOP,110,146
0022300344,2023-12-17,BOS,ORL,114,97
0022300356,2023-12-18,DEN,DAL,130,104
0022300353,2023-12-18,MIA,MIN,108,112
0022300350,2023-12-18,IND,LAC,127,151
0022300351,2023-12-18,PHI,CHI,104,108
0022300352,2023-12-18,ATL,DET,130,124
0022300355,2023-12-18,OKC,MEM,116,97
0022300357,2023-12-18,UTA,BKN,125,108
0022300358,2023-12-18,SAC,WAS,143,131
0022300359,2023-12-18,LAL,NYK,109,114
0022300354,2023-12-18,TOR,CHA,114,99
0022300349,2023-12-18,CLE,HOU,135,130
0022300360,2023-12-19,NOP,MEM,113,115
0022300361,2023-12-19,MIL,SAS,132,119
0022300362,2023-12-19,GSW,BOS,132,126
0022300363,2023-12-19,POR,PHX,109,104
0022300365,2023-12-20,IND,CHA,144,113
0022300367,2023-12-20,PHI,MIN,127,113
0022300368,2023-12-20,BKN,NYK,102,121
0022300369,2023-12-20,TOR,DEN,104,113
0022300370,2023-12-20,CHI,LAL,124,108
0022300371,2023-12-20,HOU,ATL,127,134
0022300372,2023-12-20,DAL,LAC,111,120
0022300373,2023-12-20,SAC,BOS,119,144
0022300364,2023-12-20,CLE,UTA,124,116
0022300366,2023-12-20,ORL,MIA,106,115
0022300380,2023-12-21,MIN,LAL,118,111
0022300374,2023-12-21,DET,UTA,111,119
0022300375,2023-12-21,CLE,NOP,104,123
0022300376,2023-12-21,CHI,SAS,114,95
0022300378,2023-12-21,MIL,ORL,118,114
0022300377,2023-12-21,MEM,IND,116,103
0022300379,2023-12-21,OKC,LAC,134,115
0022300381,2023-12-21,POR,WAS,117,118
0022300385,2023-12-22,HOU,DAL,122,96
0022300382,2023-12-22,PHI,TOR,121,111
0022300384,2023-12-22,MIA,ATL,122,113
0022300387,2023-12-22,SAC,PHX,120,105
0022300383,2023-12-22,BKN,DEN,117,122
0022300386,2023-12-22,GSW,WAS,129,118
0022300388,2023-12-23,NYK,MIL,111,130
0022300389,2023-12-23,LAC,BOS,108,145
0022300390,2023-12-23,CHA,DEN,95,102
0022300391,2023-12-23,IND,ORL,110,117
0022300392,2023-12-23,NOP,HOU,104,106
0022300393,2023-12-23,ATL,MEM,119,125
0022300394,2023-12-23,BKN,DET,126,115
0022300397,2023-12-23,OKC,LAL,120,129
0022300398,2023-12-23,DAL,SAS,144,119
0022300399,2023-12-23,GSW,POR,126,106
0022300400,2023-12-23,SAC,MIN,98,110
0022300395,2023-12-23,TOR,UTA,119,126
0022300396,2023-12-23,CHI,CLE,95,109
0022300401,2023-12-25,NYK,MIL,129,122
0022300402,2023-12-25,DEN,GSW,120,114
0022300403,2023-12-25,LAL,BOS,115,126
0022300404,2023-12-25,MIA,PHI,119,113
0022300405,2023-12-25,PHX,DAL,114,128
0022300411,2023-12-26,OKC,MIN,129,106
0022300410,2023-12-26,NOP,MEM,115,116
0022300406,2023-12-26,DET,BKN,112,118
0022300409,2023-12-26,HOU,IND,117,123
0022300407,2023-12-26,WAS,ORL,119,127
0022300408,2023-12-26,CHI,ATL,118,113
0022300412,2023-12-26,SAS,UTA,118,130
0022300413,2023-12-26,POR,SAC,130,113
0022300414,2023-12-26,LAC,CHA,113,104
0022300419,2023-12-27,OKC,NYK,129,120
0022300415,2023-12-27,ORL,PHI,92,112
0022300416,2023-12-27,WAS,TOR,102,132
0022300417,2023-12-27,BKN,MIL,122,144
0022300418,2023-12-27,HOU,PHX,113,129
0022300420,2023-12-27,DAL,CLE,110,113
0022300428,2023-12-28,LAL,CHA,133,112
0022300427,2023-12-28,POR,SAS,105,118
0022300423,2023-12-28,MIN,DAL,118,110
0022300422,2023-12-28,CHI,IND,104,120
0022300425,2023-12-28,DEN,MEM,142,105
0022300424,2023-12-28,NOP,UTA,112,105
0022300421,2023-12-28,BOS,DET,128,122
0022300426,2023-12-28,GSW,MIA,102,114
0022300430,2023-12-29,WAS,BKN,110,104
0022300429,2023-12-29,ORL,NYK,117,108
0022300432,2023-12-29,BOS,TOR,120,118
0022300433,2023-12-29,CLE,MIL,111,119
0022300434,2023-12-29,HOU,PHI,127,131
0022300436,2023-12-29,PHX,CHA,133,119
0022300437,2023-12-29,POR,SAS,134,128
0022300438,2023-12-29,LAC,MEM,117,106
0022300431,2023-12-29,ATL,SAC,110,117
0022300435,2023-12-29,DEN,OKC,93,119
0022300442,2023-12-30,CHI,PHI,105,92
0022300439,2023-12-30,UTA,MIA,117,109
0022300440,2023-12-30,DET,TOR,129,127
0022300444,2023-12-30,GSW,DAL,122,132
0022300443,2023-12-30,MIN,LAL,108,106
0022300441,2023-12-30,IND,NYK,140,126
0022300450,2023-12-31,PHX,ORL,112,107
0022300449,2023-12-31,MEM,SAC,92,123
0022300448,2023-12-31,SAS,BOS,101,134
0022300447,2023-12-31,OKC,BKN,124,108
0022300446,2023-12-31,NOP,LAL,129,109
0022300445,2023-12-31,WAS,ATL,126,130
0022300457,2024-01-01,UTA,DAL,127,90
0022300451,2024-01-01,NYK,MIN,112,106
0022300452,2024-01-01,TOR,CLE,124,121
0022300453,2024-01-01,HOU,DET,136,113
0022300454,2024-01-01,MIL,IND,113,122
0022300455,2024-01-01,DEN,CHA,111,93
0022300456,2024-01-01,PHX,POR,109,88
0022300458,2024-01-01,LAC,MIA,121,104
0022300463,2024-01-02,GSW,ORL,121,115
0022300464,2024-01-02,SAC,CHA,104,111
0022300462,2024-01-02,OKC,BOS,127,123
0022300459,2024-01-02,PHI,CHI,110,97
0022300460,2024-01-02,MEM,SAS,106,98
0022300461,2024-01-02,NOP,BKN,112,85
0022300475,2024-01-03,LAL,MIA,96,110
0022300471,2024-01-03,MIN,NOP,106,117
0022300474,2024-01-03,UTA,DET,154,148
0022300472,2024-01-03,DAL,POR,126,97
0022300470,2024-01-03,MEM,TOR,111,116
0022300473,2024-01-03,PHX,LAC,122,131
0022300468,2024-01-03,NYK,CHI,116,100
0022300467,2024-01-03,ATL,OKC,141,138
0022300466,2024-01-03,IND,MIL,142,130
0022300465,2024-01-03,CLE,WAS,140,101
0022300476,2024-01-03,SAC,ORL,138,135
0022300469,2024-01-03,HOU,BKN,112,101
0022300477,2024-01-04,SAS,MIL,121,125
0022300478,2024-01-04,GSW,DEN,127,130
0022300479,2024-01-05,BOS,UTA,126,97
0022300483,2024-01-05,PHI,NYK,92,128
0022300484,2024-01-05,CHI,CHA,104,91
0022300485,2024-01-05,HOU,MIN,95,122
0022300486,2024-01-05,NOP,LAC,95,111
0022300487,2024-01-05,DAL,POR,139,103
0022300488,2024-01-05,DEN,ORL,120,122
0022300489,2024-01-05,PHX,MIA,113,97
0022300490,2024-01-05,GSW,DET,113,109
0022300491,2024-01-05,LAL,MEM,113,127
0022300492,2024-01-05,SAC,TOR,135,130
0022300481,2024-01-05,BKN,OKC,124,115
0022300482,2024-01-05,CLE,WAS,114,90
0022300480,2024-01-05,IND,ATL,150,116
0022300496,2024-01-06,HOU,MIL,112,108
0022300493,2024-01-06,IND,BOS,101,118
0022300495,2024-01-06,PHI,UTA,109,120
0022300494,2024-01-06,WAS,NYK,105,121
0022300497,2024-01-07,CLE,SAS,117,115
0022300498,2024-01-07,BKN,POR,127,134
0022300499,2024-01-07,ORL,ATL,117,110
0022300500,2024-01-07,SAC,NOP,100,133
0022300501,2024-01-07,DAL,MIN,115,108
0022300502,2024-01-07,DEN,DET,131,114
0022300503,2024-01-07,PHX,MEM,115,121
0022300504,2024-01-07,GSW,TOR,118,133
0022300505,2024-01-07,LAL,LAC,106,103
0022300510,2024-01-08,MIL,UTA,116,132
0022300506,2024-01-08,CHA,CHI,112,119
0022300507,2024-01-08,IND,BOS,133,131
0022300508,2024-01-08,WAS,OKC,128,136
0022300509,2024-01-08,MIA,HOU,120,113
0022300511,2024-01-08,LAC,PHX,138,111
0022300514,2024-01-09,NYK,POR,112,84
0022300515,2024-01-09,DAL,MEM,103,120
0022300513,2024-01-09,ORL,MIN,92,113
0022300512,2024-01-09,DET,SAC,110,131
0022300516,2024-01-09,LAL,TOR,132,131
0022300520,2024-01-10,IND,WAS,112,104
0022300521,2024-01-10,ATL,PHI,139,132
0022300523,2024-01-10,CHI,HOU,124,119
0022300524,2024-01-10,UTA,DEN,124,111
0022300525,2024-01-10,GSW,NOP,105,141
0022300522,2024-01-10,MIA,OKC,120,128
0022300519,2024-01-10,DET,SAS,108,130
0022300518,2024-01-10,CHA,SAC,98,123
0022300517,2024-01-10,BOS,MIN,127,120
0022300526,2024-01-10,LAC,TOR,126,120
0022300529,2024-01-11,OKC,POR,139,77
0022300530,2024-01-11,DAL,NYK,128,124
0022300531,2024-01-11,LAL,PHX,109,127
0022300528,2024-01-11,MIL,BOS,135,102
0022300527,2024-01-11,CLE,BKN,111,102
0022300532,2024-01-12,PHI,SAC,112,93
0022300533,2024-01-12,ATL,IND,108,126
0022300537,2024-01-12,MEM,LAC,119,128
0022300535,2024-01-12,MIA,ORL,99,96
0022300541,2024-01-12,SAS,CHA,135,99
0022300540,2024-01-12,UTA,TOR,145,113
0022300539,2024-01-12,DEN,NOP,125,113
0022300538,2024-01-12,MIN,POR,116,93
0022300534,2024-01-12,DET,HOU,110,112
0022300536,2024-01-12,CHI,GSW,131,140
0022300545,2024-01-13,MIL,GSW,129,118
0022300546,2024-01-13,OKC,ORL,112,100
0022300548,2024-01-13,SAS,CHI,116,122
0022300549,2024-01-13,UTA,LAL,132,125
0022300543,2024-01-13,ATL,WAS,99,127
0022300544,2024-01-13,MEM,NYK,94,106
0022300542,2024-01-13,BOS,HOU,145,113
0022300547,2024-01-13,DAL,NOP,108,118
0022300550,2024-01-14,DEN,IND,117,109
0022300551,2024-01-14,MIA,CHA,104,87
0022300552,2024-01-14,MIL,SAC,143,142
0022300553,2024-01-14,MIN,LAC,109,105
0022300554,2024-01-14,POR,PHX,116,127
0022300555,2024-01-15,PHI,HOU,124,115
0022300556,2024-01-15,DAL,NOP,125,120
0022300559,2024-01-15,ATL,SAS,109,99
0022300560,2024-01-15,MEM,GSW,116,107
0022300561,2024-01-15,CLE,CHI,109,91
0022300562,2024-01-15,BKN,MIA,95,96
0022300563,2024-01-15,TOR,BOS,96,105
0022300564,2024-01-15,UTA,IND,132,105
0022300565,2024-01-15,LAL,OKC,112,105
0022300557,2024-01-15,NYK,ORL,94,98
0022300558,2024-01-15,WAS,DET,117,129
0022300566,2024-01-16,PHI,DEN,126,121
0022300567,2024-01-16,PHX,SAC,119,117
0022300568,2024-01-16,LAC,OKC,128,117
0022300573,2024-01-17,NYK,HOU,109,94
0022300572,2024-01-17,CLE,MIL,135,95
0022300571,2024-01-17,BOS,SAS,117,98
0022300569,2024-01-17,DET,MIN,117,124
0022300570,2024-01-17,ATL,ORL,106,104
0022300574,2024-01-17,TOR,MIA,121,97
0022300575,2024-01-17,NOP,CHA,132,112
0022300577,2024-01-17,LAL,DAL,127,110
0022300578,2024-01-17,POR,BKN,105,103
0022300582,2024-01-18,MIN,MEM,118,103
0022300579,2024-01-18,NYK,WAS,113,109
0022300580,2024-01-18,TOR,CHI,110,116
0022300581,2024-01-18,UTA,OKC,129,134
0022300583,2024-01-18,SAC,IND,121,126
0022300591,2024-01-19,LAL,BKN,112,130
0022300587,2024-01-19,MIA,ATL,108,109
0022300590,2024-01-19,POR,IND,118,115
0022300586,2024-01-19,BOS,DEN,100,102
0022300584,2024-01-19,CHA,SAS,124,120
0022300588,2024-01-19,NOP,PHX,109,123
0022300585,2024-01-19,ORL,PHI,109,124
0022300594,2024-01-20,WAS,SAS,127,131
0022300592,2024-01-20,DET,MIL,135,141
0022300593,2024-01-20,CHA,PHI,89,97
0022300596,2024-01-20,NYK,TOR,126,100
0022300595,2024-01-20,ATL,CLE,95,116
0022300598,2024-01-20,HOU,UTA,127,126
0022300599,2024-01-20,MIN,OKC,97,102
0022300597,2024-01-20,CHI,MEM,125,96
0022300605,2024-01-21,LAL,POR,134,110
0022300600,2024-01-21,LAC,BKN,125,114
0022300601,2024-01-21,ORL,MIA,105,87
0022300603,2024-01-21,HOU,BOS,107,116
0022300604,2024-01-21,PHX,IND,117,110
0022300602,2024-01-21,WAS,DEN,104,113
0022300606,2024-01-22,DET,MIL,113,122
0022300613,2024-01-22,SAC,ATL,122,107
0022300612,2024-01-22,PHX,CHI,115,113
0022300610,2024-01-22,MIN,CHA,125,128
0022300609,2024-01-22,TOR,MEM,100,108
0022300608,2024-01-22,PHI,SAS,133,123
0022300607,2024-01-22,ORL,CLE,99,126
0022300611,2024-01-22,DAL,BOS,110,119
0022300617,2024-01-23,OKC,POR,111,109
0022300616,2024-01-23,NOP,UTA,153,124
0022300615,2024-01-23,BKN,NYK,103,108
0022300614,2024-01-23,IND,DEN,109,114
0022300618,2024-01-23,LAC,LAL,127,116
0022300626,2024-01-24,GSW,ATL,134,112
0022300619,2024-01-24,DET,CHA,113,106
0022300620,2024-01-24,WAS,MIN,107,118
0022300621,2024-01-24,MIA,MEM,96,105
0022300622,2024-01-24,SAS,OKC,114,140
0022300623,2024-01-24,HOU,POR,131,137
0022300624,2024-01-24,MIL,CLE,126,116
0022300625,2024-01-24,DAL,PHX,109,132
0022300633,2024-01-25,LAL,CHI,141,132
0022300632,2024-01-25,GSW,SAC,133,134
0022300630,2024-01-25,MIA,BOS,110,143
0022300631,2024-01-25,NYK,DEN,122,84
0022300628,2024-01-25,WAS,UTA,108,123
0022300627,2024-01-25,IND,PHI,134,122
0022300629,2024-01-25,BKN,MIN,94,96
0022300634,2024-01-26,ATL,DAL,143,148
0022300635,2024-01-26,CHA,HOU,104,138
0022300636,2024-01-26,IND,PHX,133,131
0022300637,2024-01-26,TOR,LAC,107,127
0022300638,2024-01-26,MEM,ORL,107,106
0022300639,2024-01-26,MIL,CLE,100,112
0022300640,2024-01-26,NOP,OKC,83,107
0022300641,2024-01-26,SAS,POR,116,100
0022300646,2024-01-27,BOS,LAC,96,115
0022300647,2024-01-27,CHA,UTA,122,134
0022300645,2024-01-27,BKN,HOU,106,104
0022300650,2024-01-27,GSW,LAL,144,145
0022300642,2024-01-27,DET,WAS,104,118
0022300648,2024-01-27,MIL,NOP,141,117
0022300643,2024-01-27,NYK,MIA,125,109
0022300649,2024-01-27,SAS,MIN,113,112
0022300644,2024-01-27,DEN,PHI,111,105
0022300651,2024-01-27,DAL,SAC,115,120
0022300652,2024-01-28,IND,MEM,116,110
0022300653,2024-01-28,ATL,TOR,126,125
0022300654,2024-01-28,DET,OKC,120,104
0022300655,2024-01-28,ORL,PHX,113,98
0022300656,2024-01-28,POR,CHI,96,104
0022300665,2024-01-29,SAS,WAS,113,118
0022300661,2024-01-29,MIA,PHX,105,118
0022300662,2024-01-29,HOU,LAL,135,119
0022300663,2024-01-29,MEM,SAC,94,103
0022300664,2024-01-29,OKC,MIN,101,107
0022300658,2024-01-29,CLE,LAC,118,108
0022300666,2024-01-29,DAL,ORL,131,129
0022300667,2024-01-29,DEN,MIL,113,107
0022300659,2024-01-29,BOS,NOP,118,112
0022300660,2024-01-29,BKN,UTA,147,114
0022300657,2024-01-29,CHA,NYK,92,113
0022300668,2024-01-29,POR,PHI,130,104
0022300669,2024-01-30,ATL,LAL,138,122
0022300671,2024-01-30,NYK,UTA,118,103
0022300672,2024-01-30,CHI,TOR,107,118
0022300673,2024-01-30,GSW,PHI,119,107
0022300670,2024-01-30,BOS,IND,129,124
0022300679,2024-01-31,HOU,NOP,99,110
0022300674,2024-01-31,CHA,CHI,110,117
0022300675,2024-01-31,CLE,DET,128,121
0022300676,2024-01-31,WAS,LAC,109,125
0022300677,2024-01-31,BKN,PHX,120,136
0022300678,2024-01-31,MIA,SAC,115,106
0022300683,2024-01-31,POR,MIL,119,116
0022300682,2024-01-31,OKC,DEN,105,100
0022300680,2024-01-31,MIN,DAL,121,87
0022300681,2024-01-31,SAS,ORL,98,108
